Source,Target,Type,Weight,Series
Solomon,Goetia,hierarchy,1,structure
Solomon,Theurgia,hierarchy,1,structure
Goetia,Bael,commands,1,goetia
Goetia,Agares,commands,1,goetia
Goetia,Paimon,commands,1,goetia
Goetia,Andromalius,commands,1,goetia
Theurgia,Carnesiel,commands,1,theurgia
Theurgia,Caspiel,commands,1,theurgia
Theurgia,Amenadiel,commands,1,theurgia
Theurgia,Demoriel,commands,1,theurgia
Carnesiel,Carnesiel-Dukes,commands,3,theurgia
Caspiel,Caspiel-Dukes,commands,3,theurgia
Amenadiel,Amenadiel-Dukes,commands,3,theurgia
Demoriel,Demoriel-Dukes,commands,3,theurgia
